{ 
  "WinterCrop": true,
  "AssimilatePartitioningCoeff":[  
    [  
      0.53000000000000003,
      0.46999999999999997,
      0,
      0
    ],
    [  
      0.20000000000000001,
      0.59999999999999998,
      0.20000000000000001,
      0
    ],
    [  
      0.13,
      0.37,
      0.5,
      0
    ],
    [  
      0,
      0,
      0.25,
      0.75
    ],
    [  
      0,
      0,
      0,
      1
    ],
    [  
      0,
      0,
      0,
      0
    ]
  ],
  "BaseDaylength":[  
    [  
      0,
      0,
      6.87,
      7.63,
      0,
      0
    ],
    "h"
  ],
  "BeginSensitivePhaseHeatStress":[  
    420,
    "°C d"
  ],
  "CriticalTemperatureHeatStress":[  
    31,
    "°C"
  ],
  "CropHeightP1":12,
  "CropHeightP2":0.55000001192092896,
  "CropSpecificMaxRootingDepth":1.44238,
  "CultivarName":"winter rye",
  "DaylengthRequirement":[  
    [  
      0,
      25.96,
      18.46,
      18.04,
      0,
      0
    ],
    "h"
  ],
  "Description":"",
  "DroughtStressThreshold":[  
    1,
    0.69999999999999996,
    0.75,
    0.75,
    0.59999999999999998,
    0.5
  ],
  "EndSensitivePhaseHeatStress":[  
    540,
    "°C d"
  ],
  "FrostDehardening":5.0500001907348633,
  "FrostHardening":0.014000000432133675,
  "HeatSumIrrigationEnd":934,
  "HeatSumIrrigationStart":406,
  "LT50cultivar":-16,
  "LatestHarvestDoy":-1,
  "LowTemperatureExposure":0.65399998426437378,
  "MaxAssimilationRate":28.1331,
  "MaxCropHeight":[  
    1.5,
    "m"
  ],
  "OptimumTemperature":[  
    [  
      30,
      30,
      30,
      30,
      30,
      30
    ],
    "°C"
  ],
  "OrganIdsForCutting":[  

  ],
  "OrganIdsForPrimaryYield":[  
    {  
      "organId":4,
      "type":"YieldComponent",
      "yieldDryMatter":0.85999999999999999,
      "yieldPercentage":0.94999999999999996
    }
  ],
  "OrganIdsForSecondaryYield":[  
    {  
      "organId":2,
      "type":"YieldComponent",
      "yieldDryMatter":0.85999999999999999,
      "yieldPercentage":0.84999999999999998
    },
    {  
      "organId":3,
      "type":"YieldComponent",
      "yieldDryMatter":0.85999999999999999,
      "yieldPercentage":0.90000000000000002
    }
  ],
  "OrganSenescenceRate":[  
    [  
      0,
      0,
      0,
      0
    ],
    [  
      0,
      0,
      0,
      0
    ],
    [  
      0,
      0,
      0,
      0
    ],
    [  
      0,
      0,
      0,
      0
    ],
    [  
      0,
      0.029999999999999999,
      0,
      0
    ],
    [  
      0,
      0.029999999999999999,
      0,
      0
    ]
  ],
  "Perennial":false,
  "ResidueNRatio":0.30000001192092896,
  "RespiratoryStress":0.54000002145767212,
  "SpecificLeafArea":[  
    [  
      0.00182,
      0.00182,
      0.00182,
      0.00182,
      0.00182,
      0.00182
    ],
    "ha kg-1"
  ],
  "StageKcFactor":[  
    [  
      0.477514,
      0.876068,
      1.39659,
      1.1471,
      0.742221,
      0.244207
    ],
    "1;0"
  ],
  "StageTemperatureSum":[  
    [  
      172,
      355,
      215,
      391,
      486,
      21.67
    ],
    "°C d"
  ],
  "VernalisationRequirement":[  
    0,
    50,
    0,
    0,
    0,
    0
  ],
  "type":"CultivarParameters"
}